{"departments":[{"name":"Компьютерные Технологии","head":"Глава Ольга Викторовна","cources":[{"name":"Курс1","code":"151","info":{"groups":[{"specialty":"АТ-191","year":1},{"specialty":"АТ-192","year":1},{"specialty":"АТ-193","year":1}],"hours":[6,2,6]},"staff":{"lecturers":["Беляев Матвей Артёмович"],"assistants":["Блажевич Игорь Юрьевич"]}},{"name":"Курс2","code":"151","info":{"groups":[{"specialty":"АТ-181","year":1},{"specialty":"АТ-182","year":1},{"specialty":"АТ-183","year":1}],"hours":[6,3,6]},"staff":{"lecturers":[],"assistants":[]}},{"name":"Курс3","code":"155","info":{"groups":[{"specialty":"АМ-191","year":1},{"specialty":"АМ-192","year":1},{"specialty":"АМ-193","year":1}],"hours":[5,3,5]},"staff":{"lecturers":["Валиева Руфина Рафаэлевна"],"assistants":["Возвышаев Александр Андреевич"]}},{"name":"Курс4","code":"156","info":{"groups":[{"specialty":"АГ-191","year":1},{"specialty":"АГ-192","year":1},{"specialty":"АГ-193","year":1}],"hours":[4,2,4]},"staff":{"lecturers":["Гриненко Алексей Алексеевич"],"assistants":["Жигляев Родион Алексеевич"]}},{"name":"Курс5","code":"157","info":{"groups":[{"specialty":"ОС-181","year":2},{"specialty":"ОС-182","year":2},{"specialty":"ОС-183","year":2}],"hours":[5,2,5]},"staff":{"lecturers":[],"assistants":[]}},{"name":"Курс6","code":"158","info":{"groups":[{"specialty":"ПН-171","year":3},{"specialty":"ПН-172","year":3},{"specialty":"ПН-173","year":3}],"hours":[6,3,6]},"staff":{"lecturers":["Журавлева Анастасия Сергеевна"],"assistants":["Зиборов Кирилл Викторович"]}},{"name":"Курс7","code":"159","info":{"groups":[{"specialty":"ФР-181","year":2},{"specialty":"ФР-182","year":2},{"specialty":"ФР-183","year":2}],"hours":[5,3,5]},"staff":{"lecturers":[],"assistants":[]}},{"name":"Курс8","code":"160","info":{"groups":[{"specialty":"ПР-191","year":1},{"specialty":"ПР-192","year":1},{"specialty":"ПР-193","year":1}],"hours":[6,2,6]},"staff":{"lecturers":["Колосов Дмитрий Григорьевич"],"assistants":["Красных Алексей Владимирович"]}},{"name":"Курс9","code":"161","info":{"groups":[{"specialty":"ПР-161","year":4},{"specialty":"ПР-162","year":4},{"specialty":"ПР-163","year":4}],"hours":[6,3,6]},"staff":{"lecturers":[],"assistants":[]}},{"name":"Курс10","code":"161","info":{"groups":[{"specialty":"НТ-191","year":1},{"specialty":"НТ-192","year":1},{"specialty":"НТ-193","year":1}],"hours":[6,2,6]},"staff":{"lecturers":["Кузнецов Иван Анатольевич"],"assistants":["Куницын Александр Александрович"]}},{"name":"Курс11","code":"162","info":{"groups":[{"specialty":"АН-191","year":1},{"specialty":"АН-192","year":1},{"specialty":"АН-193","year":1}],"hours":[6,2,6]},"staff":{"lecturers":["Мазурин Александр Дмитриевич"],"assistants":["Мареев Никита Геннадьевич"]}},{"name":"Курс12","code":"162","info":{"groups":[{"specialty":"РГ-181","year":2},{"specialty":"РГ-182","year":2},{"specialty":"РГ-183","year":2}],"hours":[6,3,6]},"staff":{"lecturers":["Мосиевич Кирилл Викторович"],"assistants":["Носиков Павел Николаевич"]}},{"name":"Курс13","code":"163","info":{"groups":[{"specialty":"КН-191","year":1},{"specialty":"КН-192","year":1},{"specialty":"КН-193","year":1}],"hours":[6,2,6]},"staff":{"lecturers":[],"assistants":[]}},{"name":"Курс14","code":"163","info":{"groups":[{"specialty":"ГН-181","year":2},{"specialty":"ГН-182","year":2},{"specialty":"ГН-183","year":2}],"hours":[6,3,6]},"staff":{"lecturers":[],"assistants":[]}},{"name":"Курс15","code":"164","info":{"groups":[{"specialty":"ПЛ-171","year":3},{"specialty":"ПЛ-172","year":3},{"specialty":"ПЛ-173","year":3}],"hours":[6,3,6]},"staff":{"lecturers":["Носков Николай Викторович"],"assistants":["Патрашкин Никита Алексеевич"]}},{"name":"Курс16","code":"165","info":{"groups":[{"specialty":"ЕН-191","year":1},{"specialty":"ЕН-192","year":1},{"specialty":"ЕН-193","year":1}],"hours":[6,2,6]},"staff":{"lecturers":["Пивнев Никита Сергеевич"],"assistants":["Профорова Екатерина Сергеевна"]}},{"name":"Курс17","code":"166","info":{"groups":[{"specialty":"ВР-181","year":2},{"specialty":"ВР-182","year":2},{"specialty":"ВР-183","year":2}],"hours":[6,2,6]},"staff":{"lecturers":[],"assistants":[]}},{"name":"Курс18","code":"168","info":{"groups":[{"specialty":"ЕН-181","year":2},{"specialty":"ЕН-182","year":2},{"specialty":"ЕН-183","year":2}],"hours":[6,4,6]},"staff":{"lecturers":["Скударев Егор Геннадьевич"],"assistants":["Хазова Ксения Валентиновна"]}},{"name":"Курс19","code":"169","info":{"groups":[{"specialty":"КУ-171","year":3},{"specialty":"КУ-172","year":3},{"specialty":"КУ-173","year":3}],"hours":[6,3,6]},"staff":{"lecturers":[],"assistants":[]}},{"name":"Курс20","code":"170","info":{"groups":[{"specialty":"АГ-191","year":1},{"specialty":"АГ-192","year":1},{"specialty":"АГ-193","year":1}],"hours":[6,2,6]},"staff":{"lecturers":["Хайруллин Артур Миннахматович"],"assistants":["Юсупов Феликс Ренатович"]}}],"depstaff":{"lecturers":["Беляев Матвей Артёмович","Валиева Руфина Рафаэлевна","Гриненко Алексей Алексеевич","Журавлева Анастасия Сергеевна","Колосов Дмитрий Григорьевич","Кузнецов Иван Анатольевич","Мазурин Александр Дмитриевич","Мосиевич Кирилл Викторович","Носков Николай Викторович","Пивнев Никита Сергеевич","Скударев Егор Геннадьевич","Хайруллин Артур Миннахматович"],"assistants":["Блажевич Игорь Юрьевич","Возвышаев Александр Андреевич","Жигляев Родион Алексеевич","Зиборов Кирилл Викторович","Красных Алексей Владимирович","Куницын Александр Александрович","Мареев Никита Геннадьевич","Носиков Павел Николаевич","Патрашкин Никита Алексеевич","Профорова Екатерина Сергеевна","Хазова Ксения Валентиновна","Юсупов Феликс Ренатович"]},"password":"123"}]}